1.639344262295082,2.564102564102564,1593576000000
1.639344262295082,2.564102564102564,1593662400000
1.6129032258064517,2.5,1593748800000
1.639344262295082,2.4390243902439024,1593835200000
1.6666666666666667,2.5,1593921600000
1.6666666666666667,2.4390243902439024,1594008000000
1.6666666666666667,2.380952380952381,1594094400000
1.6666666666666667,2.380952380952381,1594180800000
1.6666666666666667,2.4390243902439024,1594267200000
1.639344262295082,2.5,1594353600000
1.639344262295082,2.4390243902439024,1594440000000
1.6129032258064517,2.5,1594526400000
1.6129032258064517,2.5,1594612800000
1.6129032258064517,2.4390243902439024,1594699200000
1.639344262295082,2.4390243902439024,1594785600000
1.639344262295082,2.4390243902439024,1594872000000
1.6129032258064517,2.5,1594958400000
1.6129032258064517,2.6315789473684212,1595044800000
1.6129032258064517,2.564102564102564,1595131200000
1.5873015873015872,2.564102564102564,1595217600000
1.5873015873015872,2.564102564102564,1595304000000
1.6129032258064517,2.564102564102564,1595390400000
1.6129032258064517,2.5,1595476800000
1.5873015873015872,2.5,1595563200000
1.5873015873015872,2.5,1595649600000
1.6129032258064517,2.5,1595736000000
1.6129032258064517,2.5,1595822400000
1.639344262295082,2.4390243902439024,1595908800000
1.639344262295082,2.4390243902439024,1595995200000
1.639344262295082,2.4390243902439024,1596081600000
1.639344262295082,2.4390243902439024,1596168000000
1.639344262295082,2.4390243902439024,1596254400000
1.6949152542372883,2.5,1596340800000
1.6666666666666667,2.380952380952381,1596427200000
1.6666666666666667,2.380952380952381,1596513600000
1.6949152542372883,2.380952380952381,1596600000000
1.7241379310344829,2.3255813953488373,1596686400000
1.7543859649122808,2.3255813953488373,1596772800000
1.7543859649122808,2.272727272727273,1596859200000
1.7543859649122808,2.2222222222222223,1596945600000
1.7543859649122808,2.272727272727273,1597032000000
1.6949152542372883,2.3255813953488373,1597118400000
1.6949152542372883,2.3255813953488373,1597204800000
1.7241379310344829,2.3255813953488373,1597291200000
1.7241379310344829,2.272727272727273,1597377600000
1.7241379310344829,2.272727272727273,1597464000000
1.7241379310344829,2.272727272727273,1597550400000
1.7241379310344829,2.2222222222222223,1597636800000
1.7543859649122808,2.1739130434782608,1597723200000
1.6949152542372883,2.272727272727273,1597809600000
1.6666666666666667,2.3255813953488373,1597896000000
1.6949152542372883,2.272727272727273,1597982400000
1.6949152542372883,2.272727272727273,1598068800000
1.6949152542372883,2.272727272727273,1598155200000
1.6666666666666667,2.272727272727273,1598241600000
1.6949152542372883,2.2222222222222223,1598328000000
1.7543859649122808,2.1739130434782608,1598414400000
1.7543859649122808,2.1739130434782608,1598500800000
1.7857142857142856,2.127659574468085,1598587200000
1.8181818181818181,2.0833333333333335,1598673600000
1.7857142857142856,2.1739130434782608,1598760000000
1.7241379310344829,2.1739130434782608,1598846400000
1.7857142857142856,2.0833333333333335,1598932800000
1.7241379310344829,2.2222222222222223,1599019200000
1.7241379310344829,2.2222222222222223,1599105600000
1.6949152542372883,2.2222222222222223,1599192000000
1.7241379310344829,2.2222222222222223,1599278400000
1.7241379310344829,2.2222222222222223,1599364800000
1.6949152542372883,2.3255813953488373,1599451200000
1.6949152542372883,2.2222222222222223,1599537600000
1.7241379310344829,2.272727272727273,1599624000000
1.7241379310344829,2.272727272727273,1599710400000
1.6949152542372883,2.272727272727273,1599796800000
1.6949152542372883,2.272727272727273,1599883200000
1.6949152542372883,2.272727272727273,1599969600000
1.6949152542372883,2.2222222222222223,1600056000000
1.7241379310344829,2.2222222222222223,1600142400000
1.7241379310344829,2.2222222222222223,1600228800000
1.7241379310344829,2.2222222222222223,1600315200000
1.7241379310344829,2.272727272727273,1600401600000
1.7241379310344829,2.2222222222222223,1600488000000
1.7543859649122808,2.1739130434782608,1600574400000
1.7241379310344829,2.1739130434782608,1600660800000
1.7241379310344829,2.1739130434782608,1600747200000
1.7543859649122808,2.1739130434782608,1600833600000
1.7543859649122808,2.1739130434782608,1600920000000
1.7543859649122808,2.1739130434782608,1601006400000
1.7543859649122808,2.127659574468085,1601092800000
1.7241379310344829,2.1739130434782608,1601179200000
1.6949152542372883,2.2222222222222223,1601265600000
1.6666666666666667,2.2222222222222223,1601411111856
1.6949152542372883,2.2222222222222223,1601415831780
1.6949152542372883,2.2222222222222223,1601416837309
1.7241379310344829,2.1739130434782608,1601420506624
1.6666666666666667,2.1739130434782608,1601424105795
1.6949152542372883,2.127659574468085,1601427728074
1.6949152542372883,2.1739130434782608,1601431316371
1.6949152542372883,2.272727272727273,1601434929165
1.6949152542372883,2.272727272727273,1601438530256
1.6666666666666667,2.3255813953488373,1601442128984
1.6666666666666667,2.3255813953488373,1601445717176
1.6949152542372883,2.3255813953488373,1601449309673
1.639344262295082,2.3255813953488373,1601452873458
1.639344262295082,2.3255813953488373,1601456475624
1.639344262295082,2.380952380952381,1601460106783
1.6666666666666667,2.3255813953488373,1601463675646
1.639344262295082,2.380952380952381,1601467280377
1.639344262295082,2.380952380952381,1601470882306
1.6129032258064517,2.380952380952381,1601474482246
1.639344262295082,2.3255813953488373,1601478080192
1.6129032258064517,2.3255813953488373,1601481685035
1.6129032258064517,2.380952380952381,1601485275961
1.6129032258064517,2.3255813953488373,1601488877927
1.5873015873015872,2.3255813953488373,1601492477478
1.6129032258064517,2.3255813953488373,1601496078688
1.6129032258064517,2.380952380952381,1601499681177
1.6129032258064517,2.380952380952381,1601503287656
1.6129032258064517,2.3255813953488373,1601506875975
1.5873015873015872,2.380952380952381,1601510478928
1.5873015873015872,2.380952380952381,1601514079550
1.5873015873015872,2.380952380952381,1601517681596
1.5873015873015872,2.380952380952381,1601521278790
1.6129032258064517,2.380952380952381,1601524876768
1.6129032258064517,2.4390243902439024,1601528485648
1.6129032258064517,2.4390243902439024,1601532079581
1.5873015873015872,2.4390243902439024,1601535679376
1.6129032258064517,2.4390243902439024,1601539275844
1.6129032258064517,2.4390243902439024,1601542878226
1.6129032258064517,2.4390243902439024,1601546478393
1.6129032258064517,2.380952380952381,1601550079765
1.6129032258064517,2.4390243902439024,1601553677370
1.6129032258064517,2.4390243902439024,1601557287406
1.5873015873015872,2.4390243902439024,1601560881442
1.6129032258064517,2.380952380952381,1601564476993
1.5873015873015872,2.4390243902439024,1601568084827
1.5873015873015872,2.4390243902439024,1601571680770
1.5873015873015872,2.5,1601575285152
1.6129032258064517,2.380952380952381,1601578899026
1.5873015873015872,2.4390243902439024,1601582493195
1.5873015873015872,2.4390243902439024,1601586096669
1.6129032258064517,2.380952380952381,1601589694141
1.5873015873015872,2.380952380952381,1601596893433
1.5873015873015872,2.4390243902439024,1601600510500
1.5873015873015872,2.5,1601604111911
1.5625,2.5,1601607712416
1.5384615384615383,2.564102564102564,1601611313837
1.5384615384615383,2.6315789473684212,1601614892132
1.5151515151515151,2.7777777777777777,1601618516863
1.5625,2.7027027027027026,1601622132132
1.5625,2.7027027027027026,1601625736699
1.5384615384615383,2.6315789473684212,1601629350304
1.5151515151515151,2.857142857142857,1601632950340
1.5151515151515151,2.7777777777777777,1601636530845
1.5384615384615383,2.6315789473684212,1601640158875
1.5873015873015872,2.564102564102564,1601643731118
1.5873015873015872,2.564102564102564,1601647331967
1.5873015873015872,2.6315789473684212,1601650933308
1.5873015873015872,2.564102564102564,1601654534365
1.5151515151515151,2.564102564102564,1601658152728
1.5151515151515151,2.6315789473684212,1601661718174
1.5384615384615383,2.564102564102564,1601665316536
1.5625,2.5,1601668918167
1.5873015873015872,2.6315789473684212,1601672517608
1.5151515151515151,2.7777777777777777,1601676130203
1.5384615384615383,2.7027027027027026,1601683334839
1.5384615384615383,2.6315789473684212,1601686951805
1.5384615384615383,2.6315789473684212,1601690551495
1.5384615384615383,2.7027027027027026,1601694127528
1.5625,2.6315789473684212,1601697732160
1.5625,2.6315789473684212,1601701330481
1.5384615384615383,2.7027027027027026,1601704930064
1.5384615384615383,2.7027027027027026,1601708556712
1.5625,2.7027027027027026,1601712144901
1.5625,2.7027027027027026,1601715717202
1.5384615384615383,2.7027027027027026,1601719332561
1.5625,2.6315789473684212,1601722914892
1.5384615384615383,2.6315789473684212,1601726515393
1.5384615384615383,2.6315789473684212,1601730116654
1.5384615384615383,2.7027027027027026,1601733736988
1.5384615384615383,2.7027027027027026,1601737317700
1.5384615384615383,2.6315789473684212,1601740934740
1.5151515151515151,2.7027027027027026,1601744512465
1.5151515151515151,2.7027027027027026,1601748113512
1.5384615384615383,2.7777777777777777,1601751715229
1.5384615384615383,2.7777777777777777,1601755312401
1.5151515151515151,2.7777777777777777,1601758912351
1.5151515151515151,2.7777777777777777,1601762514859
1.5151515151515151,2.7777777777777777,1601766155672
1.5151515151515151,2.6315789473684212,1601769755048
1.5384615384615383,2.6315789473684212,1601773335151
1.5625,2.6315789473684212,1601776930712
1.5873015873015872,2.564102564102564,1601780530218
1.5873015873015872,2.5,1601784129112
1.5625,2.564102564102564,1601787749140
1.5625,2.564102564102564,1601791349941
1.5625,2.564102564102564,1601794910871
1.5625,2.564102564102564,1601798510826
1.5625,2.564102564102564,1601802113371
1.5384615384615383,2.564102564102564,1601805711809
1.5384615384615383,2.564102564102564,1601809334928
1.5873015873015872,2.6315789473684212,1601812911713
1.5873015873015872,2.564102564102564,1601816537199
1.5625,2.6315789473684212,1601820119532
1.5625,2.6315789473684212,1601823735527
1.5384615384615383,2.6315789473684212,1601827314230
1.5625,2.564102564102564,1601830914247
1.5384615384615383,2.564102564102564,1601834510834
1.5384615384615383,2.6315789473684212,1601838114761
1.5384615384615383,2.7027027027027026,1601841732877
1.5384615384615383,2.7027027027027026,1601845313613
1.5384615384615383,2.6315789473684212,1601848926090
1.5625,2.6315789473684212,1601852537403
1.5625,2.6315789473684212,1601856124432
1.5625,2.6315789473684212,1601859728523
1.5384615384615383,2.6315789473684212,1601863348374
1.5625,2.6315789473684212,1601866927863
1.5625,2.564102564102564,1601870527732
1.5625,2.6315789473684212,1601874122158
1.5625,2.564102564102564,1601877728414
1.5384615384615383,2.6315789473684212,1601881312174
1.5625,2.6315789473684212,1601884938574
1.5625,2.6315789473684212,1601888528187
1.5625,2.564102564102564,1601892131571
1.5384615384615383,2.564102564102564,1601895714132
1.5625,2.6315789473684212,1601899311690
1.5384615384615383,2.6315789473684212,1601902916404
1.5625,2.6315789473684212,1601906511128
1.5384615384615383,2.564102564102564,1601910131379
1.5625,2.6315789473684212,1601913711990
1.5625,2.6315789473684212,1601917318548
1.5384615384615383,2.6315789473684212,1601920912290
1.5625,2.5,1601924602830
1.5625,2.5,1601928101955
1.5873015873015872,2.4390243902439024,1601931718778
1.5873015873015872,2.5,1601935321824
1.5873015873015872,2.5,1601938921419
1.5625,2.4390243902439024,1601942540116
1.5625,2.564102564102564,1601946119620
1.5625,2.564102564102564,1601949720461
1.5873015873015872,2.5,1601953317229
1.5625,2.564102564102564,1601956920012
1.5625,2.564102564102564,1601960534356
1.5873015873015872,2.564102564102564,1601964135588
1.5873015873015872,2.5,1601967705145
1.5873015873015872,2.6315789473684212,1601971289952
1.5873015873015872,2.6315789473684212,1601974890107
1.5873015873015872,2.564102564102564,1601978495160
1.5873015873015872,2.564102564102564,1601982105167
1.5625,2.564102564102564,1601985692923
1.5625,2.6315789473684212,1601989313426
1.5625,2.6315789473684212,1601992892664
1.5625,2.564102564102564,1601996492624
1.5384615384615383,2.6315789473684212,1602000092376
1.5625,2.7027027027027026,1602003709122
1.5384615384615383,2.7027027027027026,1602007292619
1.5151515151515151,2.6315789473684212,1602010888580
1.5151515151515151,2.7027027027027026,1602014494982
1.4925373134328357,2.7027027027027026,1602018088598
1.4925373134328357,2.7777777777777777,1602021691232
1.4925373134328357,2.7777777777777777,1602025298670
1.5151515151515151,2.7027027027027026,1602028888078
1.5151515151515151,2.7027027027027026,1602032496043
1.4925373134328357,2.7027027027027026,1602036106656
1.4925373134328357,2.7027027027027026,1602039688403
1.5151515151515151,2.7027027027027026,1602043292690
1.5151515151515151,2.6315789473684212,1602046891844
1.4705882352941175,2.6315789473684212,1602050486298
1.4705882352941175,2.6315789473684212,1602054093066
1.5151515151515151,2.7027027027027026,1602057690361
1.5151515151515151,2.7027027027027026,1602061308162
1.4925373134328357,2.7027027027027026,1602064898981
1.4705882352941175,2.7777777777777777,1602068496033
1.4705882352941175,2.7027027027027026,1602072106748
1.4925373134328357,2.6315789473684212,1602075709988
1.4705882352941175,2.7777777777777777,1602079295888
1.4705882352941175,2.7777777777777777,1602082908068
1.4925373134328357,2.7027027027027026,1602086496929
1.4705882352941175,2.7777777777777777,1602090092108
1.4925373134328357,2.7027027027027026,1602093691420
1.4925373134328357,2.7027027027027026,1602097294150
1.4492753623188408,2.857142857142857,1602100894796
1.4705882352941175,2.7777777777777777,1602104496192
1.4705882352941175,2.7027027027027026,1602108089159
1.4705882352941175,2.857142857142857,1602111710568
1.4925373134328357,2.7777777777777777,1602115291802
1.4492753623188408,2.7777777777777777,1602118931063
1.4705882352941175,2.7777777777777777,1602122490902
1.4925373134328357,2.7777777777777777,1602126087733
1.4705882352941175,2.7777777777777777,1602129705144
1.4705882352941175,2.7777777777777777,1602133291288
1.4925373134328357,2.7027027027027026,1602136890137
1.4705882352941175,2.7777777777777777,1602140491922
1.4925373134328357,2.7027027027027026,1602144092152
1.4925373134328357,2.7027027027027026,1602147689732
1.4925373134328357,2.7027027027027026,1602151296017
1.4705882352941175,2.7777777777777777,1602154896469
1.4925373134328357,2.7777777777777777,1602158495103
1.4925373134328357,2.7777777777777777,1602162088601
1.5151515151515151,2.6315789473684212,1602165691805
1.4925373134328357,2.6315789473684212,1602169312532
1.4925373134328357,2.7777777777777777,1602172888910
1.4705882352941175,2.7777777777777777,1602176491196
1.4925373134328357,2.7777777777777777,1602180091175
1.4705882352941175,2.7777777777777777,1602183710621
1.4705882352941175,2.7777777777777777,1602187312762
1.4705882352941175,2.7027027027027026,1602190896019
1.4925373134328357,2.7027027027027026,1602194494988
1.4925373134328357,2.7777777777777777,1602198095463
1.4705882352941175,2.7777777777777777,1602201695633
1.4705882352941175,2.7027027027027026,1602205307128
1.4925373134328357,2.7777777777777777,1602208896756
1.4705882352941175,2.7027027027027026,1602212497634
1.4925373134328357,2.7027027027027026,1602216101828
1.4925373134328357,2.7027027027027026,1602219696318
1.4925373134328357,2.7777777777777777,1602223295784
1.4705882352941175,2.7777777777777777,1602226892120
1.4925373134328357,2.7777777777777777,1602230506622
1.4705882352941175,2.7777777777777777,1602234110755
1.4705882352941175,2.7777777777777777,1602237716840
1.4925373134328357,2.7027027027027026,1602241303200
1.4705882352941175,2.7027027027027026,1602244909542
1.4705882352941175,2.7777777777777777,1602248498846
1.4705882352941175,2.7027027027027026,1602252097731
1.4705882352941175,2.6315789473684212,1602255700451
1.4705882352941175,2.6315789473684212,1602259301934
1.4705882352941175,2.7027027027027026,1602262898944
1.4925373134328357,2.7027027027027026,1602266495824
1.4925373134328357,2.7027027027027026,1602270098251
1.4925373134328357,2.7027027027027026,1602273695907
1.4925373134328357,2.6315789473684212,1602277295322
1.4705882352941175,2.7027027027027026,1602280894375
1.4925373134328357,2.6315789473684212,1602284495184
1.4705882352941175,2.6315789473684212,1602288108035
1.4705882352941175,2.6315789473684212,1602291695650
1.4925373134328357,2.6315789473684212,1602295295617
1.4705882352941175,2.6315789473684212,1602298894653
1.4705882352941175,2.6315789473684212,1602302492484
1.4705882352941175,2.6315789473684212,1602306096071
1.4925373134328357,2.6315789473684212,1602309694803
1.4925373134328357,2.7027027027027026,1602313327390
1.4925373134328357,2.7027027027027026,1602316893407
1.4925373134328357,2.7027027027027026,1602320494696
1.4705882352941175,2.6315789473684212,1602324110336
1.4705882352941175,2.7027027027027026,1602327694053
1.4925373134328357,2.6315789473684212,1602331294268
1.4925373134328357,2.6315789473684212,1602334893209
1.4705882352941175,2.6315789473684212,1602338506650
1.4705882352941175,2.6315789473684212,1602342108357
1.4705882352941175,2.7027027027027026,1602345695847
1.4925373134328357,2.6315789473684212,1602349294652
1.4705882352941175,2.6315789473684212,1602352898827
1.5151515151515151,2.6315789473684212,1602356495504
1.5151515151515151,2.6315789473684212,1602360093341
1.4925373134328357,2.6315789473684212,1602363694783
1.5151515151515151,2.564102564102564,1602367295120
1.4925373134328357,2.564102564102564,1602370895293
1.5384615384615383,2.4390243902439024,1602374492150
1.5384615384615383,2.5,1602378093324
1.5384615384615383,2.5,1602381694388
1.5151515151515151,2.4390243902439024,1602385309501
1.5384615384615383,2.5,1602388895564
1.5151515151515151,2.5,1602392494046
1.5151515151515151,2.564102564102564,1602396106641
1.5151515151515151,2.564102564102564,1602399692594
1.5151515151515151,2.564102564102564,1602403292251
1.5151515151515151,2.5,1602406895980
1.5384615384615383,2.564102564102564,1602410491444
1.5151515151515151,2.564102564102564,1602414095528
1.5151515151515151,2.564102564102564,1602417696297
1.5384615384615383,2.564102564102564,1602421292667
1.5384615384615383,2.5,1602424892995
1.4925373134328357,2.564102564102564,1602428495336
1.5151515151515151,2.564102564102564,1602432096002
1.5151515151515151,2.564102564102564,1602435698300
1.5384615384615383,2.564102564102564,1602439292683
1.5384615384615383,2.564102564102564,1602442892602
1.5151515151515151,2.564102564102564,1602446492738
1.4925373134328357,2.5,1602450096400
1.5384615384615383,2.5,1602453694835
1.4925373134328357,2.6315789473684212,1602457293075
1.5151515151515151,2.564102564102564,1602460891274
1.5151515151515151,2.564102564102564,1602464495473
1.5151515151515151,2.564102564102564,1602468096094
1.5151515151515151,2.564102564102564,1602471706408
1.4925373134328357,2.564102564102564,1602475293623
1.4925373134328357,2.564102564102564,1602487890888
1.5151515151515151,2.6315789473684212,1602489693254
1.5151515151515151,2.6315789473684212,1602493295510
1.5151515151515151,2.5,1602496895114
1.5384615384615383,2.564102564102564,1602500493956
1.4925373134328357,2.564102564102564,1602504109216
1.5151515151515151,2.564102564102564,1602507693229
1.5151515151515151,2.6315789473684212,1602511308146
1.5151515151515151,2.5,1602514908596
1.4925373134328357,2.564102564102564,1602518492484
1.4925373134328357,2.564102564102564,1602522096395
1.5151515151515151,2.5,1602525696337
1.5151515151515151,2.564102564102564,1602529296122
1.5384615384615383,2.5,1602532894035
1.5151515151515151,2.5,1602536493308
1.5151515151515151,2.564102564102564,1602540092524
1.5384615384615383,2.5,1602543694146
1.5151515151515151,2.4390243902439024,1602547297828
1.5625,2.5,1602550894960
1.5151515151515151,2.4390243902439024,1602554496014
1.5625,2.5,1602558104828
1.5384615384615383,2.5,1602561704723
1.5384615384615383,2.5,1602565297382
1.5384615384615383,2.5,1602568895861
1.5384615384615383,2.5,1602572494329
1.5151515151515151,2.5,1602576131522
1.5151515151515151,2.5,1602579696213
1.5151515151515151,2.4390243902439024,1602583297262
1.5384615384615383,2.4390243902439024,1602587217562
1.5384615384615383,2.5,1602590961128
1.5625,2.5,1602594625262
1.5151515151515151,2.5,1602598162984
1.5384615384615383,2.5,1602601759857
1.5625,2.5,1602605440870
1.5151515151515151,2.5,1602609018235
1.5384615384615383,2.4390243902439024,1602612519109
1.5384615384615383,2.5,1602616286340
1.5151515151515151,2.564102564102564,1602619645674
1.5151515151515151,2.5,1602623321630
1.5384615384615383,2.564102564102564,1602627040949
1.5151515151515151,2.564102564102564,1602630532576
1.5151515151515151,2.564102564102564,1602634236697
1.5151515151515151,2.564102564102564,1602637784337
1.5384615384615383,2.564102564102564,1602641432443
1.5151515151515151,2.564102564102564,1602644859512
1.5384615384615383,2.5,1602648582449
1.5151515151515151,2.5,1602652283461
1.5384615384615383,2.564102564102564,1602655697693
1.5151515151515151,2.5,1602659382568
1.5151515151515151,2.564102564102564,1602662852384
1.5151515151515151,2.564102564102564,1602666530340
1.5151515151515151,2.5,1602670236888
1.5384615384615383,2.564102564102564,1602673842446
1.5151515151515151,2.564102564102564,1602677438173
1.5384615384615383,2.564102564102564,1602681038236
1.5151515151515151,2.5,1602684524490
1.5151515151515151,2.564102564102564,1602688056783
1.5384615384615383,2.564102564102564,1602691837681
1.5384615384615383,2.5,1602695439422
1.5151515151515151,2.564102564102564,1602699039156
1.5151515151515151,2.564102564102564,1602702683537
1.5151515151515151,2.564102564102564,1602706239701
1.5384615384615383,2.564102564102564,1602709838523
1.5151515151515151,2.564102564102564,1602713338146
1.5151515151515151,2.564102564102564,1602716942246
1.5151515151515151,2.564102564102564,1602720633624
1.5151515151515151,2.5,1602724236441
1.5384615384615383,2.5,1602727794171
1.5384615384615383,2.5,1602731442230
1.5151515151515151,2.5,1602735039502
1.5151515151515151,2.5,1602738590976
1.5384615384615383,2.5,1602742245424
1.5151515151515151,2.564102564102564,1602745836307
1.5151515151515151,2.4390243902439024,1602749339862
1.5384615384615383,2.564102564102564,1602752991386
1.5151515151515151,2.4390243902439024,1602756536160
1.5151515151515151,2.5,1602760167547
1.5384615384615383,2.5,1602763881854
1.5151515151515151,2.4390243902439024,1602767441452
1.5151515151515151,2.5,1602771043910
1.5151515151515151,2.5,1602774611221
1.5151515151515151,2.4390243902439024,1602778237720
1.5151515151515151,2.5,1602781829167
1.5151515151515151,2.5,1602785443779
1.5151515151515151,2.564102564102564,1602788990272
1.5384615384615383,2.564102564102564,1602792639392
1.5384615384615383,2.5,1602796144302
1.5384615384615383,2.4390243902439024,1602799757993
1.5151515151515151,2.5,1602807014619
1.5384615384615383,2.564102564102564,1602810548556
1.5151515151515151,2.564102564102564,1602814191037
1.5384615384615383,2.564102564102564,1602817743531
1.5151515151515151,2.5,1602821438574
1.5384615384615383,2.564102564102564,1602824500451
1.5384615384615383,2.5,1602828101143
1.5151515151515151,2.564102564102564,1602831697173
1.5384615384615383,2.5,1602835300524
1.5384615384615383,2.5,1602838899468
1.5151515151515151,2.564102564102564,1602842512918
1.5151515151515151,2.564102564102564,1602846114513
1.5384615384615383,2.4390243902439024,1602849700428
1.5151515151515151,2.5,1602853299742
1.5384615384615383,2.564102564102564,1602856910256
1.5384615384615383,2.5,1602860499645
1.5384615384615383,2.5,1602864112703
1.5151515151515151,2.5,1602867701867
1.5151515151515151,2.5,1602871301939
1.5384615384615383,2.5,1602874901209
1.5151515151515151,2.5,1602878499876
1.5151515151515151,2.5,1602882096424
1.5151515151515151,2.4390243902439024,1602885700182
1.5384615384615383,2.564102564102564,1602889300751
1.5384615384615383,2.5,1602892898993
1.5151515151515151,2.564102564102564,1602896499801
1.5384615384615383,2.564102564102564,1602900101182
1.5384615384615383,2.5,1602903697352
1.5384615384615383,2.5,1602907297111
1.5384615384615383,2.5,1602910897489
1.5384615384615383,2.5,1602914497475
1.5151515151515151,2.564102564102564,1602918100699
1.5151515151515151,2.5,1602921699199
1.5151515151515151,2.5,1602925303308
1.5151515151515151,2.5,1602928898220
1.5151515151515151,2.5,1602932496403
1.5151515151515151,2.564102564102564,1602936098441
1.5384615384615383,2.564102564102564,1602939701600
1.5384615384615383,2.5,1602943321501
1.5384615384615383,2.564102564102564,1602946912525
1.5151515151515151,2.5,1602950498808
1.5384615384615383,2.564102564102564,1602954099481
1.5384615384615383,2.564102564102564,1602957710256
1.5384615384615383,2.5,1602961312990
1.5384615384615383,2.5,1602964897862
1.5384615384615383,2.564102564102564,1602968500722
1.5384615384615383,2.564102564102564,1602972099513
1.5384615384615383,2.5,1602975697444
1.5151515151515151,2.564102564102564,1602979295623
1.5384615384615383,2.5,1602982900283
1.5384615384615383,2.564102564102564,1602986519883
1.5384615384615383,2.564102564102564,1602990096348
1.5384615384615383,2.564102564102564,1602993698742
1.5151515151515151,2.564102564102564,1602997312133
1.5384615384615383,2.564102564102564,1603000913749
1.5151515151515151,2.564102564102564,1603004496268
1.5384615384615383,2.564102564102564,1603008098648
1.5384615384615383,2.564102564102564,1603011699871
1.5384615384615383,2.564102564102564,1603015301451
1.5384615384615383,2.564102564102564,1603018912111
1.5151515151515151,2.564102564102564,1603022503174
1.5384615384615383,2.564102564102564,1603026097846
1.5384615384615383,2.5,1603029699137
1.5384615384615383,2.5,1603033296998
1.5151515151515151,2.564102564102564,1603036900746
1.5625,2.5,1603040497398
1.5384615384615383,2.564102564102564,1603044096436
1.5384615384615383,2.5,1603047712590
1.5384615384615383,2.564102564102564,1603051298756
1.5384615384615383,2.564102564102564,1603054899581
1.5384615384615383,2.5,1603058499600
1.5384615384615383,2.564102564102564,1603062097183
1.5384615384615383,2.5,1603065709890
1.5384615384615383,2.564102564102564,1603069298592
1.5151515151515151,2.564102564102564,1603072898063
1.5384615384615383,2.564102564102564,1603076516758
1.5384615384615383,2.564102564102564,1603080098903
1.5384615384615383,2.5,1603083697672
1.5151515151515151,2.564102564102564,1603087314600
1.5384615384615383,2.5,1603090898019
1.5384615384615383,2.5,1603094497802
1.5384615384615383,2.5,1603098108952
1.5384615384615383,2.564102564102564,1603101711784
1.5384615384615383,2.564102564102564,1603105312244
1.5384615384615383,2.564102564102564,1603108900053
1.5384615384615383,2.564102564102564,1603112497163
1.5384615384615383,2.4390243902439024,1603116100862
1.5384615384615383,2.5,1603119708689
1.5384615384615383,2.5,1603123300559
1.5625,2.5,1603126911352
1.5384615384615383,2.5,1603130498087
1.5384615384615383,2.5,1603134095109
1.5625,2.5,1603137696338
1.5625,2.4390243902439024,1603141310231
1.5625,2.4390243902439024,1603144899881
1.5384615384615383,2.4390243902439024,1603148513431
1.5625,2.4390243902439024,1603152099120
1.5625,2.5,1603155714128
1.5625,2.5,1603159298663
1.5384615384615383,2.4390243902439024,1603162896151
1.5384615384615383,2.5,1603166494883
1.5384615384615383,2.5,1603170110667
1.5625,2.4390243902439024,1603173704721
1.5384615384615383,2.4390243902439024,1603177308857
1.5625,2.5,1603180909499
1.5625,2.4390243902439024,1603184513498
1.5625,2.4390243902439024,1603188112231
1.5384615384615383,2.5,1603191711825
1.5625,2.5,1603195298370
1.5384615384615383,2.4390243902439024,1603198911746
1.5384615384615383,2.5,1603202512547
1.5384615384615383,2.4390243902439024,1603206099512
1.5625,2.4390243902439024,1603209716200
1.5384615384615383,2.4390243902439024,1603213314200
1.5384615384615383,2.5,1603216899519
1.5384615384615383,2.5,1603220518841
1.5384615384615383,2.4390243902439024,1603224114462
1.5625,2.5,1603227710276
1.5384615384615383,2.4390243902439024,1603231297276
1.5384615384615383,2.4390243902439024,1603234900752
1.5384615384615383,2.5,1603238500019
1.5625,2.4390243902439024,1603242097614
1.5625,2.4390243902439024,1603245697609
1.5384615384615383,2.5,1603249311313
1.5625,2.5,1603252896131
1.5384615384615383,2.4390243902439024,1603256495432
1.5625,2.5,1603260110568
1.5625,2.5,1603263702618
1.5384615384615383,2.5,1603267315296
1.5384615384615383,2.5,1603270900117
1.5873015873015872,2.4390243902439024,1603274497531
1.5625,2.4390243902439024,1603278112829
1.5625,2.4390243902439024,1603281698751
1.5625,2.4390243902439024,1603285298576
1.5625,2.4390243902439024,1603288903722
1.5625,2.4390243902439024,1603292496356
1.5625,2.4390243902439024,1603296095826
1.5873015873015872,2.4390243902439024,1603299696676
1.5873015873015872,2.380952380952381,1603303300314
1.5625,2.5,1603306917289
1.5625,2.5,1603310500520
1.5625,2.5,1603314108609
1.5384615384615383,2.4390243902439024,1603317698970
1.5384615384615383,2.4390243902439024,1603321311159
1.5625,2.4390243902439024,1603324897045
1.5384615384615383,2.4390243902439024,1603328512771
1.5384615384615383,2.5,1603332099176
1.5384615384615383,2.4390243902439024,1603335700069
1.5384615384615383,2.5,1603339300082
1.5625,2.4390243902439024,1603342906490
1.5384615384615383,2.4390243902439024,1603346502846
1.5625,2.5,1603350098321
1.5384615384615383,2.380952380952381,1603353697998
1.5384615384615383,2.380952380952381,1603357298402
1.5384615384615383,2.380952380952381,1603360899736
1.5625,2.5,1603364513240
1.5384615384615383,2.4390243902439024,1603368113854
1.5625,2.5,1603371698174
1.5625,2.4390243902439024,1603375298024
1.5384615384615383,2.5,1603378915844
1.5384615384615383,2.5,1603382498314
1.5625,2.5,1603386098228
1.5384615384615383,2.380952380952381,1603389703135
1.5625,2.4390243902439024,1603393332619
1.5625,2.4390243902439024,1603396899792
1.5625,2.4390243902439024,1603400515244
1.5625,2.5,1603404100436
1.5384615384615383,2.4390243902439024,1603407697133
1.5384615384615383,2.4390243902439024,1603411311398
1.5625,2.380952380952381,1603414898898
1.5873015873015872,2.380952380952381,1603418501658
1.5625,2.4390243902439024,1603422113046
1.5625,2.380952380952381,1603425702670
1.5625,2.380952380952381,1603429298732
1.5873015873015872,2.380952380952381,1603432899607
1.5873015873015872,2.4390243902439024,1603436516080
1.5873015873015872,2.4390243902439024,1603440098347
1.5873015873015872,2.4390243902439024,1603443701249
1.5625,2.4390243902439024,1603447301768
1.5625,2.4390243902439024,1603450899891
1.5625,2.4390243902439024,1603454497100
1.5625,2.4390243902439024,1603458104899
1.5625,2.4390243902439024,1603461709069
1.5873015873015872,2.4390243902439024,1603465310938
1.5625,2.4390243902439024,1603468913034
1.5625,2.4390243902439024,1603472501978
1.5873015873015872,2.4390243902439024,1603476098592
1.5625,2.380952380952381,1603479698637
1.5873015873015872,2.380952380952381,1603483312067
1.5625,2.4390243902439024,1603486901820
1.5873015873015872,2.4390243902439024,1603490497346
1.5625,2.4390243902439024,1603494108801
1.5625,2.380952380952381,1603497697338
1.5625,2.4390243902439024,1603501300240
1.5873015873015872,2.4390243902439024,1603504897668
1.5625,2.4390243902439024,1603508502308
1.5625,2.4390243902439024,1603512097506
1.5625,2.4390243902439024,1603515700360
1.5873015873015872,2.380952380952381,1603519304610
1.5873015873015872,2.4390243902439024,1603522902086
1.5625,2.4390243902439024,1603526501185
1.5625,2.4390243902439024,1603530097498
1.5873015873015872,2.380952380952381,1603533703367
1.5625,2.4390243902439024,1603537300863
1.5625,2.4390243902439024,1603540901480
1.5625,2.380952380952381,1603544501697
1.5873015873015872,2.4390243902439024,1603548099267
1.5873015873015872,2.4390243902439024,1603551701896
1.5625,2.380952380952381,1603555320988
1.5625,2.380952380952381,1603558902318
1.5873015873015872,2.4390243902439024,1603562513180
1.5625,2.4390243902439024,1603566100133
1.5873015873015872,2.380952380952381,1603569699409
1.5873015873015872,2.4390243902439024,1603573303786
1.5873015873015872,2.4390243902439024,1603576901096
1.5625,2.4390243902439024,1603580502548
1.5873015873015872,2.4390243902439024,1603584102961
1.5873015873015872,2.380952380952381,1603587699880
1.5625,2.380952380952381,1603591304803
1.5625,2.4390243902439024,1603594901980
1.5873015873015872,2.4390243902439024,1603598498172
1.5873015873015872,2.380952380952381,1603602097892
1.5625,2.380952380952381,1603605714710
1.5625,2.380952380952381,1603609298727
1.5873015873015872,2.380952380952381,1603612900110
1.5873015873015872,2.380952380952381,1603616502382
1.5625,2.380952380952381,1603620103924
1.5625,2.380952380952381,1603623702579
1.5873015873015872,2.4390243902439024,1603627302850
1.5873015873015872,2.4390243902439024,1603630903076
1.5873015873015872,2.4390243902439024,1603634501176
1.5873015873015872,2.380952380952381,1603638102948
1.5873015873015872,2.4390243902439024,1603641699972
1.5873015873015872,2.4390243902439024,1603645298473
1.5873015873015872,2.4390243902439024,1603648901524
1.6129032258064517,2.380952380952381,1603652512668
1.5873015873015872,2.380952380952381,1603656102046
1.5873015873015872,2.4390243902439024,1603659703158
1.5873015873015872,2.4390243902439024,1603663300597
1.5625,2.4390243902439024,1603666898115
1.5625,2.380952380952381,1603670505780
1.5625,2.4390243902439024,1603674101105
1.5873015873015872,2.380952380952381,1603677700452
1.5625,2.5,1603681304379
1.5873015873015872,2.380952380952381,1603684902400
1.5625,2.4390243902439024,1603688500321
1.5873015873015872,2.380952380952381,1603692101020
1.5873015873015872,2.4390243902439024,1603695701053
1.5873015873015872,2.4390243902439024,1603699322906
1.5873015873015872,2.4390243902439024,1603702900678
1.5625,2.4390243902439024,1603706502294
1.5873015873015872,2.4390243902439024,1603710103928
1.5873015873015872,2.380952380952381,1603713696467
1.5625,2.5,1603717303712
1.5625,2.5,1603720901530
1.5625,2.4390243902439024,1603724514564
1.5625,2.4390243902439024,1603728098502
1.5625,2.5,1603731703690
1.5625,2.5,1603735301889
1.5873015873015872,2.5,1603738897384
1.5625,2.5,1603742498984
1.5625,2.4390243902439024,1603746099382
1.5873015873015872,2.4390243902439024,1603749700618
1.5625,2.380952380952381,1603753301259
1.5625,2.4390243902439024,1603756899493
1.5625,2.4390243902439024,1603760502482
1.5873015873015872,2.4390243902439024,1603764099899
1.5625,2.4390243902439024,1603767701075
1.5625,2.380952380952381,1603771307001
1.5625,2.4390243902439024,1603774896467
1.5625,2.5,1603778503735
1.5873015873015872,2.5,1603782096562
1.5873015873015872,2.5,1603785699812
1.5873015873015872,2.5,1603789299828
1.5873015873015872,2.4390243902439024,1603792902512
1.5625,2.5,1603796497601
1.5625,2.4390243902439024,1603800105124
1.5625,2.5,1603803702020
1.5873015873015872,2.4390243902439024,1603807315267
1.5873015873015872,2.5,1603810902775
1.5625,2.5,1603814499290
1.5873015873015872,2.380952380952381,1603818098410
1.5625,2.5,1603821703933
1.5625,2.5,1603825305627
1.5625,2.380952380952381,1603828917940
1.5873015873015872,2.380952380952381,1603832500327
1.5873015873015872,2.4390243902439024,1603836109989
1.5873015873015872,2.4390243902439024,1603839698449
1.6129032258064517,2.4390243902439024,1603843302265
1.6129032258064517,2.380952380952381,1603846900105
1.6129032258064517,2.3255813953488373,1603850501636
1.6129032258064517,2.380952380952381,1603854101938
1.5873015873015872,2.3255813953488373,1603857702001
1.5873015873015872,2.4390243902439024,1603861297644
1.6129032258064517,2.380952380952381,1603864899630
1.5873015873015872,2.4390243902439024,1603868501888
1.5873015873015872,2.380952380952381,1603872099974
1.5873015873015872,2.380952380952381,1603875706179
1.5873015873015872,2.4390243902439024,1603879306422
1.6129032258064517,2.3255813953488373,1603882900258
1.5873015873015872,2.4390243902439024,1603886503483
1.6129032258064517,2.380952380952381,1603890102162
1.5873015873015872,2.4390243902439024,1603893701320
1.6129032258064517,2.380952380952381,1603897300656
1.6129032258064517,2.4390243902439024,1603900915328
1.5873015873015872,2.4390243902439024,1603904504000
1.5873015873015872,2.4390243902439024,1603908099945
1.5873015873015872,2.5,1603911703103
1.5873015873015872,2.4390243902439024,1603915321474
1.6129032258064517,2.5,1603918899965
1.5873015873015872,2.4390243902439024,1603922512863
1.5873015873015872,2.5,1603926098221
1.5873015873015872,2.5,1603929699121
1.5625,2.4390243902439024,1603933296976
1.5873015873015872,2.5,1603936901682
1.5873015873015872,2.4390243902439024,1603940503684
1.5625,2.5,1603944100227
1.5625,2.5,1603947713999
1.5873015873015872,2.5,1603951298310
1.5625,2.564102564102564,1603954902294
1.5873015873015872,2.5,1603958496920
1.5873015873015872,2.5,1603962106624
1.5873015873015872,2.5,1603965720225
1.5625,2.564102564102564,1603969302804
1.5625,2.5,1603972901541
1.5384615384615383,2.5,1603976500746
1.5384615384615383,2.5,1603980114537
1.5384615384615383,2.5,1603983702845
1.5384615384615383,2.5,1603987298976
1.5384615384615383,2.564102564102564,1603990899252
1.4925373134328357,2.6315789473684212,1603994503733
1.4925373134328357,2.6315789473684212,1603998096950
1.5151515151515151,2.564102564102564,1604001720269
1.4705882352941175,2.564102564102564,1604005302546
1.4705882352941175,2.6315789473684212,1604008899914
1.5151515151515151,2.564102564102564,1604012497394
1.4925373134328357,2.564102564102564,1604016094247
1.5151515151515151,2.5,1604019699067
1.5151515151515151,2.6315789473684212,1604023296396
1.5151515151515151,2.564102564102564,1604026900820
1.4705882352941175,2.5,1604030502101
1.4705882352941175,2.5,1604034098571
1.5151515151515151,2.6315789473684212,1604037700916
1.4925373134328357,2.6315789473684212,1604041308476
1.4925373134328357,2.5,1604044903268
1.4925373134328357,2.5,1604048531118
1.5151515151515151,2.5,1604052099712
1.4925373134328357,2.564102564102564,1604055699269
1.4925373134328357,2.5,1604059301787
1.4925373134328357,2.564102564102564,1604062899109
1.4925373134328357,2.6315789473684212,1604066503130
1.4705882352941175,2.564102564102564,1604070102241
1.4705882352941175,2.564102564102564,1604073700552
1.4705882352941175,2.564102564102564,1604077302322
1.4925373134328357,2.564102564102564,1604080899108
1.5151515151515151,2.564102564102564,1604084505613
1.4925373134328357,2.6315789473684212,1604088100478
1.4925373134328357,2.6315789473684212,1604091700960
1.4925373134328357,2.5,1604095302268
1.4925373134328357,2.5,1604098899711
1.4925373134328357,2.5,1604102499266
1.5151515151515151,2.564102564102564,1604106099486
1.4705882352941175,2.564102564102564,1604109699753
1.4925373134328357,2.5,1604113302932
1.4925373134328357,2.4390243902439024,1604116899403
1.4925373134328357,2.564102564102564,1604120502502
1.5151515151515151,2.5,1604124103756
1.4925373134328357,2.5,1604127699205
1.5151515151515151,2.564102564102564,1604131301926
1.5151515151515151,2.564102564102564,1604134897356
1.4925373134328357,2.564102564102564,1604138502644
1.5151515151515151,2.564102564102564,1604142101518
1.5151515151515151,2.564102564102564,1604145702997
1.4925373134328357,2.5,1604149301087
1.5151515151515151,2.5,1604152899223
1.4925373134328357,2.5,1604156501353
1.5151515151515151,2.564102564102564,1604160101494
1.5151515151515151,2.564102564102564,1604163707191
1.5151515151515151,2.564102564102564,1604167306028
1.5384615384615383,2.4390243902439024,1604170898615
1.5151515151515151,2.564102564102564,1604174500594
1.5384615384615383,2.5,1604178101882
1.5151515151515151,2.564102564102564,1604181697795
1.5151515151515151,2.564102564102564,1604185295245
1.5151515151515151,2.4390243902439024,1604188899075
1.5151515151515151,2.5,1604192502839
1.5384615384615383,2.5,1604196097049
1.5384615384615383,2.5,1604199700899
1.5384615384615383,2.5,1604203299415
1.5625,2.564102564102564,1604206901331
1.5625,2.564102564102564,1604210504007
1.5384615384615383,2.564102564102564,1604214102084
1.5384615384615383,2.5,1604217700937
1.5625,2.564102564102564,1604221302614
1.5625,2.564102564102564,1604224901344
1.5151515151515151,2.6315789473684212,1604228498456
1.5151515151515151,2.564102564102564,1604232101300
1.5151515151515151,2.6315789473684212,1604235702714
1.5151515151515151,2.564102564102564,1604239301265
1.5151515151515151,2.564102564102564,1604242899923
1.5384615384615383,2.564102564102564,1604246502060
1.5384615384615383,2.5,1604250102429
1.5384615384615383,2.4390243902439024,1604253705734
1.5151515151515151,2.5,1604257298925
1.5384615384615383,2.4390243902439024,1604260898633
1.5384615384615383,2.5,1604264503651
1.5384615384615383,2.564102564102564,1604268100865
1.5384615384615383,2.4390243902439024,1604271708228
1.5625,2.4390243902439024,1604275301879
1.5625,2.4390243902439024,1604278899144
1.5873015873015872,2.4390243902439024,1604282503108
1.5625,2.4390243902439024,1604286096465
1.5873015873015872,2.4390243902439024,1604289699944
1.5384615384615383,2.4390243902439024,1604293297322
1.5625,2.4390243902439024,1604296902240
1.5625,2.4390243902439024,1604300502599
1.5625,2.380952380952381,1604304098268
1.5625,2.4390243902439024,1604307696489
1.5625,2.4390243902439024,1604311302878
1.5384615384615383,2.4390243902439024,1604314897810
1.5625,2.4390243902439024,1604318501437
1.5384615384615383,2.380952380952381,1604322112916
1.5384615384615383,2.4390243902439024,1604325702594
1.5384615384615383,2.4390243902439024,1604329301713
1.5625,2.3255813953488373,1604332902616
1.5384615384615383,2.3255813953488373,1604336501190
1.5625,2.4390243902439024,1604340096975
1.5384615384615383,2.380952380952381,1604343702488
1.5384615384615383,2.4390243902439024,1604347296456
1.5384615384615383,2.4390243902439024,1604350903985
1.5384615384615383,2.4390243902439024,1604354497862
1.5384615384615383,2.380952380952381,1604358102728
1.5625,2.380952380952381,1604361705416
1.5873015873015872,2.3255813953488373,1604365301478
1.5873015873015872,2.380952380952381,1604368899924
1.5625,2.272727272727273,1604372501166
1.5625,2.272727272727273,1604376127383
1.6129032258064517,2.2222222222222223,1604379700536
1.5873015873015872,2.272727272727273,1604383309302
1.5873015873015872,2.3255813953488373,1604386912639
1.5625,2.3255813953488373,1604390500628
1.5873015873015872,2.3255813953488373,1604394114495
1.5873015873015872,2.3255813953488373,1604397714564
1.5873015873015872,2.380952380952381,1604401318183
1.5873015873015872,2.3255813953488373,1604404915284
1.5873015873015872,2.380952380952381,1604408518604
1.5625,2.380952380952381,1604412127434
1.5625,2.3255813953488373,1604415725722
1.5873015873015872,2.3255813953488373,1604419341405
1.5625,2.380952380952381,1604422912206
1.5384615384615383,2.4390243902439024,1604426514285
1.5384615384615383,2.380952380952381,1604430117421
1.5151515151515151,2.4390243902439024,1604433734560
1.5384615384615383,2.4390243902439024,1604437310252
1.4925373134328357,2.4390243902439024,1604440930062
1.4492753623188408,2.5,1604444509475
1.4705882352941175,2.380952380952381,1604448143937
1.4925373134328357,2.0833333333333335,1604458930061
2.6315789473684212,1.4492753623188408,1604464359854
2.380952380952381,1.6949152542372883,1604466142018
2.564102564102564,1.4492753623188408,1604469754504
2.380952380952381,1.923076923076923,1604473307232
2.5,1.5384615384615383,1604476911888
3.3333333333333335,1.3888888888888888,1604480502950
2.0,1.6666666666666667,1604484104242
1.5625,2.3255813953488373,1604487702682
1.36986301369863,2.857142857142857,1604491308727
1.282051282051282,3.2258064516129035,1604494901522
1.282051282051282,3.0303030303030303,1604498500207
1.1764705882352942,5.88235294117647,1604502104165
1.2048192771084338,5.2631578947368425,1604505702395
1.25,4.761904761904762,1604509303878
1.2048192771084338,5.2631578947368425,1604512903596
1.25,4.0,1604516502347
1.2345679012345678,4.761904761904762,1604520124954
1.1904761904761905,5.2631578947368425,1604523856894
1.1627906976744187,5.555555555555555,1604527341212
1.1363636363636365,5.88235294117647,1604534504710
1.1363636363636365,7.142857142857142,1604538141829
1.1235955056179776,8.333333333333334,1604541740640
1.1764705882352942,5.88235294117647,1604545338187
1.1627906976744187,5.88235294117647,1604548953337
1.1627906976744187,5.2631578947368425,1604552541623
1.1494252873563218,5.555555555555555,1604556142021
1.1904761904761905,5.2631578947368425,1604559742374
1.1627906976744187,5.555555555555555,1604563343526
1.1627906976744187,5.0,1604566938172
1.1627906976744187,5.0,1604570540460
1.1764705882352942,5.2631578947368425,1604574153195
1.1904761904761905,5.0,1604577739140
1.1494252873563218,5.0,1604581355326